NOVA,ghg_kg_co2eq,land_m2,water_l,eutro_g_po4eq
4,10603536.261609249,50800050.10043208,795021497.5504928,48323396.64626652
