ghg_kg_co2eq,land_m2,water_l,eutro_g_po4eq
106547379.95075513,561353661.627888,3938104779.4441023,297883150.84161216
